company,src
현대,https://imgauto-phinf.pstatic.net/20180529_88/auto_1527592677868AxMTJ_PNG/20180529201748_nbVe4EOk.png?type=f30_30
기아,https://imgauto-phinf.pstatic.net/20210107_250/auto_16099798594392UWMl_PNG/20210107093730_Bmgw8HVj.png?type=f30_30
제네시스,https://imgauto-phinf.pstatic.net/20210302_296/auto_1614669701772Y34jY_PNG/20210302162133_MyAzBxsu.png?type=f30_30
르노삼성,https://imgauto-phinf.pstatic.net/20170707_188/auto_14994089761732i2AM_PNG/20170707152934_4UQVPJ4f.png?type=f30_30
쌍용,https://imgauto-phinf.pstatic.net/20170707_290/auto_14994089867715m7Kc_PNG/20170707152945_ov1NwuMf.png?type=f30_30
폭스바겐,https://imgauto-phinf.pstatic.net/20200422_10/auto_15875288567367G6VE_PNG/20200422131406_lmRMWJht.png?type=f30_30
벤츠,https://imgauto-phinf.pstatic.net/20170707_151/auto_1499404806991Xuw2o_PNG/20170707142004_4ANaTv3h.png?type=f30_30
BMW,https://imgauto-phinf.pstatic.net/20200310_214/auto_1583815678479PKzIr_PNG/20200310134752_3hMT5CTc.png?type=f30_30
아우디,https://imgauto-phinf.pstatic.net/20170707_207/auto_1499404828979BICft_PNG/20170707142026_ovRGcdML.png?type=f30_30
렉서스,https://imgauto-phinf.pstatic.net/20170707_52/auto_14994086479909zBvg_PNG/20170707152405_Q81trl9v.png?type=f30_30
토요타,https://imgauto-phinf.pstatic.net/20210106_265/auto_16098924526573ov6n_PNG/20210106092042_1U9hpa8L.png?type=f30_30
혼다,https://imgauto-phinf.pstatic.net/20170707_163/auto_1499412516283v1k4a_PNG/20170707162834_NTGXoypb.png?type=f30_30
볼보,https://imgauto-phinf.pstatic.net/20170707_20/auto_1499407892646zwj3j_PNG/20170707151130_ECGx0tRI.png?type=f30_30
미니,https://imgauto-phinf.pstatic.net/20170718_248/auto_1500352107292eUlzC_PNG/20170718132824_jfupLnkX.png?type=f30_30
재규어,https://imgauto-phinf.pstatic.net/20200210_83/auto_1581307501553E0yRR_PNG/20200210130456_nFc7LE10.png?type=f30_30
랜드로버,https://imgauto-phinf.pstatic.net/20170707_56/auto_1499407965482n6u8s_PNG/20170707151243_JgB80ept.png?type=f30_30
포드,https://imgauto-phinf.pstatic.net/20210105_233/auto_1609826474487Qo1XI_PNG/20210105150107_0owl8Al4.png?type=f30_30
링컨,https://imgauto-phinf.pstatic.net/20200210_259/auto_1581306902625KDGxC_PNG/20200210125456_MTfaDdcX.png?type=f30_30
쉐보레,https://imgauto-phinf.pstatic.net/20200210_175/auto_15813076774623FdaV_PNG/20200210130752_EvOsbnkP.png?type=f30_30
캐딜락,https://imgauto-phinf.pstatic.net/20200210_173/auto_1581307884356S76fk_PNG/20200210131119_926jfS5j.png?type=f30_30
테슬라,https://imgauto-phinf.pstatic.net/20200207_106/auto_1581062693327I8zB8_PNG/20200207170452_onbaYnni.png?type=f30_30
지프,https://imgauto-phinf.pstatic.net/20210105_78/auto_1609827518081uIbLF_PNG/20210105151828_vhnCFC3o.png?type=f30_30
르노,https://imgauto-phinf.pstatic.net/20170707_144/auto_1499408879255Wd6hc_PNG/20170707152757_lWFu4xfw.png?type=f30_30
푸조,https://imgauto-phinf.pstatic.net/20210226_26/auto_1614310028069dFaSb_PNG/20210226122657_FXxr6OOE.png?type=f30_30
시트로엥,https://imgauto-phinf.pstatic.net/20181108_18/auto_1541652035025xL7p3_PNG/20181108133955_yc5nqMrw.png?type=f30_30
DS,https://imgauto-phinf.pstatic.net/20190107_113/auto_1546853570990Bvdb4_PNG/20190107182820_B7nzxr1b.png?type=f30_30
마세라티,https://imgauto-phinf.pstatic.net/20200204_64/auto_15807923347514cszg_PNG/20200204135847_DtWGDHvi.png?type=f30_30
포르쉐,https://imgauto-phinf.pstatic.net/20170707_204/auto_1499412493946IUcqn_PNG/20170707162812_UHBa49m6.png?type=f30_30
람보르기니,https://imgauto-phinf.pstatic.net/20170707_125/auto_14994122235148asnx_PNG/20170707162341_CqMN8SjK.png?type=f30_30
페라리,https://imgauto-phinf.pstatic.net/20170707_281/auto_1499408535368ecSNr_PNG/20170707152213_nyTypfsh.png?type=f30_30
맥라렌,https://imgauto-phinf.pstatic.net/20190926_229/auto_15694874534572Fs1o_PNG/20190926174407_RwH9JfF9.png?type=f30_30
부가티,https://imgauto-phinf.pstatic.net/20170707_285/auto_1499408935383JGknW_PNG/20170707152853_4k680tvB.png?type=f30_30
애스턴마틴,https://imgauto-phinf.pstatic.net/20170707_46/auto_1499408032205ouvHE_PNG/20170707151349_r4p7RZOj.png?type=f30_30
마이바흐,https://imgauto-phinf.pstatic.net/20170707_277/auto_1499412250805hiM8q_PNG/20170707162409_mSzWlZ24.png?type=f30_30
롤스로이스,https://imgauto-phinf.pstatic.net/20170707_262/auto_14994080191477VFT5_PNG/20170707151337_vgZPLDwZ.png?type=f30_30
벤틀리,https://imgauto-phinf.pstatic.net/20170707_290/auto_1499408006740euBhj_PNG/20170707151324_gQBpIQqz.png?type=f30_30
닛산,https://imgauto-phinf.pstatic.net/20210105_89/auto_1609825595273uqmlr_PNG/20210105144621_ezZp9kFk.png?type=f30_30
로터스,https://imgauto-phinf.pstatic.net/20170707_97/auto_1499408040746dxIos_PNG/20170707151359_E4SArp8Q.png?type=f30_30
마쯔다,https://imgauto-phinf.pstatic.net/20170707_140/auto_14994122738541Fk5N_PNG/20170707162432_2Lw7mMJS.png?type=f30_30
미쓰비시,https://imgauto-phinf.pstatic.net/20200207_201/auto_1581062586549FXM8u_PNG/20200207170304_BOBWwF1a.png?type=f30_30
복스홀,https://imgauto-phinf.pstatic.net/20200821_129/auto_1597968282651s2erz_PNG/20200821090431_zWaArvD8.png?type=f30_30
뷰익,https://imgauto-phinf.pstatic.net/20170707_147/auto_1499405021719vSD1c_PNG/20170707142339_e4H9pYvp.png?type=f30_30
사이언,https://imgauto-phinf.pstatic.net/20170707_104/auto_1499408712743NKvWH_PNG/20170707152511_ryy1kewy.png?type=f30_30
세아트,https://imgauto-phinf.pstatic.net/20200207_163/auto_15810627550811c9O0_PNG/20200207170554_u2ARHCzH.png?type=f30_30
스마트,https://imgauto-phinf.pstatic.net/20170707_11/auto_1499412387959bLCns_PNG/20170707162626_tK89GYDm.png?type=f30_30
스바루,https://imgauto-phinf.pstatic.net/20170707_53/auto_1499408737373X0jWs_PNG/20170707152535_JntJMtf5.png?type=f30_30
스즈키,https://imgauto-phinf.pstatic.net/20200207_20/auto_1581062642483UKzQM_PNG/20200207170400_zM4G637d.png?type=f30_30
스코다,https://imgauto-phinf.pstatic.net/20170707_150/auto_1499409123559KOzYn_PNG/20170707153201_QTep1YX5.png?type=f30_30
아바쓰,https://imgauto-phinf.pstatic.net/20170707_72/auto_1499412427706Bg9cs_PNG/20170707162706_q48366un.png?type=f30_30
알파로메오,https://imgauto-phinf.pstatic.net/20170707_284/auto_1499408560120UeF0n_PNG/20170707152238_x4VSc2sG.png?type=f30_30
어큐라,https://imgauto-phinf.pstatic.net/20200207_266/auto_1581063148320nIs7s_PNG/20200207171226_NieCim6p.png?type=f30_30
오펠,https://imgauto-phinf.pstatic.net/20170707_139/auto_1499404932486f2IVY_PNG/20170707142209_v15S9fSs.png?type=f30_30
인피니티,https://imgauto-phinf.pstatic.net/20200210_95/auto_1581306674631SNMPJ_PNG/20200210125113_R4XO3cwu.png?type=f30_30
코닉세그,https://imgauto-phinf.pstatic.net/20200208_258/auto_1581173119469UkwfB_PNG/20200208234517_BGkBiNBO.png?type=f30_30
크라이슬러,https://imgauto-phinf.pstatic.net/20170707_102/auto_1499404969175Xt4tE_PNG/20170707142247_LMjIk1J9.png?type=f30_30
파가니,https://imgauto-phinf.pstatic.net/20170707_123/auto_1499408573816xLBii_PNG/20170707152251_YZhObKPq.png?type=f30_30
폰티악,https://imgauto-phinf.pstatic.net/20170707_25/auto_1499407659377incPJ_PNG/20170707150737_vzt0sswp.png?type=f30_30
피아트,https://imgauto-phinf.pstatic.net/20170707_102/auto_1499408515665IoYW8_PNG/20170707152153_lT2taJjm.png?type=f30_30
한국지엠,https://imgauto-phinf.pstatic.net/20170707_87/auto_1499409036592sgrr4_PNG/20170707153024_cFwSSgXp.png?type=f30_30
홀덴,https://imgauto-phinf.pstatic.net/20170707_34/auto_1499409073844BSOi5_PNG/20170707153111_zS5x8t26.png?type=f30_30
BAC,https://imgauto-phinf.pstatic.net/20170707_145/auto_14994081868771CjUP_PNG/20170707151624_0ll1rGdd.png?type=f30_30
BAIC,https://imgauto-phinf.pstatic.net/20200221_156/auto_1582269327003zeu6J_PNG/20200221161520_hAspAqiG.png?type=f30_30
GMC,https://imgauto-phinf.pstatic.net/20170707_217/auto_1499407860297jPlVx_PNG/20170707151058_g6AySSnH.png?type=f30_30
KTM,https://imgauto-phinf.pstatic.net/20191015_121/auto_1571113942694yscFv_PNG/20191015133051_08UeK0y5.png?type=f30_30
RUF,https://imgauto-phinf.pstatic.net/20170707_136/auto_1499404895918stvJX_PNG/20170707142134_UnVNmOpp.png?type=f30_30
SMART EV,https://imgauto-phinf.pstatic.net/20191210_236/auto_15759571204243pMHG_PNG/20191210145154_NhwFWaoj.png?type=f30_30
TVR,https://imgauto-phinf.pstatic.net/20170707_259/auto_1499408490287wjnJT_PNG/20170707152128_cdRaC8Hv.png?type=f30_30
VUHL,https://imgauto-phinf.pstatic.net/20200210_105/auto_15813228750495qUsB_PNG/20200210172110_KNyIgytv.png?type=f30_30
W모터스,https://imgauto-phinf.pstatic.net/20170707_278/auto_1499409390581ih8Ux_PNG/20170707153628_29h29Juu.png?type=f30_30
국제차량제작,https://imgauto-phinf.pstatic.net/20170707_126/auto_1499409049125MmfI6_PNG/20170707153046_XIwvROpo.png?type=f30_30
굼퍼트,https://imgauto-phinf.pstatic.net/20170707_262/auto_1499412122760yPNng_PNG/20170707162159_VucVLh3A.png?type=f30_30
그레이트월,https://imgauto-phinf.pstatic.net/20170707_184/auto_14994094318289evvG_PNG/20170707153709_NNvc9JqZ.png?type=f30_30
노블,https://imgauto-phinf.pstatic.net/20200210_67/auto_1581307292040nlaFe_PNG/20200210130127_4DLUwYq7.png?type=f30_30
다이하쓰,https://imgauto-phinf.pstatic.net/20170707_20/auto_1499408818108xNPO1_PNG/20170707152655_zUq7kRTi.png?type=f30_30
다치아,https://imgauto-phinf.pstatic.net/20170707_136/auto_1499412181497NFM0N_PNG/20170707162259_xFu5fJ2b.png?type=f30_30
DATSUN,https://imgauto-phinf.pstatic.net/20170707_247/auto_14994087703157QSFA_PNG/20170707152608_zhwkXiDy.png?type=f30_30
닷지,https://imgauto-phinf.pstatic.net/20210105_277/auto_1609827398528yEWd8_PNG/20210105151631_ymLlexSR.png?type=f30_30
대창,https://imgauto-phinf.pstatic.net/20180115_79/auto_1515992936257HdgOO_PNG/20180115140756_FF47C8Fz.png?type=f30_30
돈커부트,https://imgauto-phinf.pstatic.net/20170707_173/auto_1499409329500eXpKA_PNG/20170707153527_mT1ZRk2W.png?type=f30_30
동풍소콘,https://imgauto-phinf.pstatic.net/20200207_13/auto_1581062071323CFRWD_PNG/20200207165426_pwEs6dqJ.png?type=f30_30
드로리언,https://imgauto-phinf.pstatic.net/20170707_103/auto_14994078109468oio4_PNG/20170707151007_1SxxnbDM.png?type=f30_30
디피코,https://imgauto-phinf.pstatic.net/20210323_189/auto_1616460395452hbW1j_PNG/20210323094630_imqVatWk.png?type=f30_30
란치아,https://imgauto-phinf.pstatic.net/20170707_284/auto_1499412213684oeybM_PNG/20170707162331_zEYA1l6B.png?type=f30_30
램,https://imgauto-phinf.pstatic.net/20200207_18/auto_15810820933670zvR8_PNG/20200207222811_07OYz9qa.png?type=f30_30
레디컬,https://imgauto-phinf.pstatic.net/20170831_269/auto_1504156295058lcqIu_PNG/20170831141108_1340zNJM.png?type=f30_30
레즈바니 모터스,https://imgauto-phinf.pstatic.net/20200207_198/auto_1581082216671z9LYw_PNG/20200207223015_ST3Q21EG.png?type=f30_30
로시온,https://imgauto-phinf.pstatic.net/20200312_130/auto_1583985867996twYPj_PNG/20200312130422_dJr47S7m.png?type=f30_30
루시드,https://imgauto-phinf.pstatic.net/20170707_278/auto_1499407767513qTUh8_PNG/20170707150925_HkonkERy.png?type=f30_30
리막,https://imgauto-phinf.pstatic.net/20200214_45/auto_1581662472808bbu6I_PNG/20200214154056_NmDVDpS1.png?type=f30_30
리비안,https://imgauto-phinf.pstatic.net/20181207_216/auto_1544164747830l97hA_PNG/20181207153647_fY4SlFv8.png?type=f30_30
린스피드,https://imgauto-phinf.pstatic.net/20200209_278/auto_1581249022448r3n1E_PNG/20200209205006_ynXI1Nh6.png?type=f30_30
마러시아,https://imgauto-phinf.pstatic.net/20170707_263/auto_1499412238171gGBOt_PNG/20170707162356_bBOVNdQr.png?type=f30_30
마르크스,https://imgauto-phinf.pstatic.net/20191121_297/auto_1574308680552c6zfL_PNG/20191121125758_6rcj9qlJ.png?type=f30_30
마이브,https://imgauto-phinf.pstatic.net/20201123_230/auto_16060951075607XfsI_PNG/20201123103114_usoMoOke.png?type=f30_30
마잔티,https://imgauto-phinf.pstatic.net/20170707_147/auto_14994122638154gTdf_PNG/20170707162422_U0aBgPib.png?type=f30_30
마힌드라,https://imgauto-phinf.pstatic.net/20170707_254/auto_14994092090669QVOe_PNG/20170707153326_FHFsm6IC.png?type=f30_30
머큐리,https://imgauto-phinf.pstatic.net/20170707_241/auto_1499404977610t00DP_PNG/20170707142255_B8NGbV0Z.png?type=f30_30
모건,https://imgauto-phinf.pstatic.net/20170707_300/auto_1499408478876tNryq_PNG/20170707152116_iWrNEnI9.png?type=f30_30
미아,https://imgauto-phinf.pstatic.net/20200210_96/auto_1581314081266Cnkmu_PNG/20200210145439_yICsWt0E.png?type=f30_30
미쯔오카,https://imgauto-phinf.pstatic.net/20170707_208/auto_1499408784547bOY03_PNG/20170707152619_tSg7f29y.png?type=f30_30
바이톤,https://imgauto-phinf.pstatic.net/20200210_128/auto_1581308277567kECML_PNG/20200210131753_N42CAcjC.png?type=f30_30
밴더할,https://imgauto-phinf.pstatic.net/20200207_281/auto_1581061657698LIroH_PNG/20200207164734_ftVkkxra.png?type=f30_30
벤세르,https://imgauto-phinf.pstatic.net/20170707_259/auto_1499409319931Wzd1y_PNG/20170707153518_As5AXS3O.png?type=f30_30
보그바르트,https://imgauto-phinf.pstatic.net/20180411_60/auto_1523430450978ODcne_PNG/20180411160617_YV0ErKZJ.png?type=f30_30
볼린저,https://imgauto-phinf.pstatic.net/20191029_66/auto_15723090139964eX49_PNG/20191029093004_Q5go4Ym6.png?type=f30_30
북기은상,https://imgauto-phinf.pstatic.net/20170707_278/auto_1499412355131I11Su_PNG/20170707162553_KjlhrdTz.png?type=f30_30
사브,https://imgauto-phinf.pstatic.net/20170707_206/auto_14994079093786h64f_PNG/20170707151147_LW68pfwx.png?type=f30_30
살린,https://imgauto-phinf.pstatic.net/20200210_192/auto_15813080566119WWqJ_PNG/20200210131415_alQOF3Z1.png?type=f30_30
새턴,https://imgauto-phinf.pstatic.net/20200210_231/auto_1581308022985FVq5P_PNG/20200210131341_xtnvGtat.png?type=f30_30
쉘비슈퍼카,https://imgauto-phinf.pstatic.net/20170707_139/auto_1499412378772VBuxw_PNG/20170707162616_i28urvPw.png?type=f30_30
스파이커,https://imgauto-phinf.pstatic.net/20171117_6/auto_15108944213012sqek_PNG/20171117135337_okhoX9yu.png?type=f30_30
스피라 EV,https://imgauto-phinf.pstatic.net/20210215_215/auto_1613355243080bYu7b_PNG/20210215111354_luSuSHxK.png?type=f30_30
아브토바즈,https://imgauto-phinf.pstatic.net/20170707_90/auto_1499409373521LXDcm_PNG/20170707153611_FnqvTDwz.png?type=f30_30
아스파크,https://imgauto-phinf.pstatic.net/20200207_219/auto_1581061907075C3A9D_PNG/20200207165144_B2uiQdnu.png?type=f30_30
알피나,https://imgauto-phinf.pstatic.net/20170707_152/auto_1499404907190011zV_PNG/20170707142144_sZXlSGzG.png?type=f30_30
에이리얼,https://imgauto-phinf.pstatic.net/20200207_75/auto_15810622219719PsSv_PNG/20200207165656_n8G3TrSE.png?type=f30_30
에쿠스,https://imgauto-phinf.pstatic.net/20170707_86/auto_14994078796102jgdw_PNG/20170707151117_n3C9UdnT.png?type=f30_30
엘레멘탈,https://imgauto-phinf.pstatic.net/20200207_187/auto_1581082403368QwPlF_PNG/20200207223317_jkneS4lC.png?type=f30_30
오러스,https://imgauto-phinf.pstatic.net/20200207_53/auto_1581061534878IUMU2_PNG/20200207164530_tSFvxXxA.png?type=f30_30
올즈 모빌,https://imgauto-phinf.pstatic.net/20170707_171/auto_1499407850262MO9EF_PNG/20170707151047_o3L0uC3I.png?type=f30_30
이스즈,https://imgauto-phinf.pstatic.net/20170707_281/auto_1499408795036YUKA0_PNG/20170707152632_M70yu1HH.png?type=f30_30
젠보,https://imgauto-phinf.pstatic.net/20170707_185/auto_1499412472207SHb04_PNG/20170707162750_FYueOIIh.png?type=f30_30
지노스,https://imgauto-phinf.pstatic.net/20170707_40/auto_1499408122405isThH_PNG/20170707151517_mKpxBHbh.png?type=f30_30
지리,https://imgauto-phinf.pstatic.net/20210317_261/auto_1615953585028O5AvT_PNG/20210317125919_cPzLK1ns.png?type=f30_30
카르마,https://imgauto-phinf.pstatic.net/20170707_172/auto_1499407733495f9h1v_PNG/20170707150852_81y9Zbd2.png?type=f30_30
칼슨,https://imgauto-phinf.pstatic.net/20170707_168/auto_14994048865712vBdd_PNG/20170707142124_1ZCHfhGr.png?type=f30_30
캠시스,https://imgauto-phinf.pstatic.net/20200506_109/auto_1588724884664zxm0D_PNG/20200506092756_ZmDUrrQ5.png?type=f30_30
케이터햄,https://imgauto-phinf.pstatic.net/20170707_203/auto_1499408172479pfXCm_PNG/20170707151609_5SLg7Ccm.png?type=f30_30
쿠오로스,https://imgauto-phinf.pstatic.net/20200207_89/auto_1581062298298mDf5R_PNG/20200207165816_cpg005iI.png?type=f30_30
쿠프라,https://imgauto-phinf.pstatic.net/20200716_253/auto_1594870288409Helod_PNG/20200716123120_lCLHGuIn.png?type=f30_30
타타,https://imgauto-phinf.pstatic.net/20170707_165/auto_1499409219972GfEf7_PNG/20170707153337_ypgNVkjS.png?type=f30_30
파나르 르바소,https://imgauto-phinf.pstatic.net/20170707_255/auto_1499408906940EhbHM_PNG/20170707152824_opUWeC4x.png?type=f30_30
패러데이 퓨처,https://imgauto-phinf.pstatic.net/20200210_248/auto_15813089075977HJf1_PNG/20200210132826_i8membdE.png?type=f30_30
페로두아,https://imgauto-phinf.pstatic.net/20200207_136/auto_1581062359494tIpCT_PNG/20200207165918_VjTRqeiZ.png?type=f30_30
포톤,https://imgauto-phinf.pstatic.net/20200208_16/auto_1581173456036UXIlA_PNG/20200208235052_JEAGtGDd.png?type=f30_30
폴스타,https://imgauto-phinf.pstatic.net/20200207_201/auto_1581061763900rF5JS_PNG/20200207164920_zr8qFFvD.png?type=f30_30
피닌,https://imgauto-phinf.pstatic.net/20200210_208/auto_1581308667478aNBMh_PNG/20200210132422_yEAMEysy.png?type=f30_30
허머,https://imgauto-phinf.pstatic.net/20170707_94/auto_14994050320266mg45_PNG/20170707142350_qLeEljDY.png?type=f30_30
헤네시,https://imgauto-phinf.pstatic.net/20170707_169/auto_1499407754688i03C0_PNG/20170707150913_Df3Tadx3.png?type=f30_30
홍치,https://imgauto-phinf.pstatic.net/20200208_292/auto_1581173567722Hvd35_PNG/20200208235243_SYFzO73h.png?type=f30_30
레즈바니,https://imgauto-phinf.pstatic.net/20200207_198/auto_1581082216671z9LYw_PNG/20200207223015_ST3Q21EG.png?type=f30_30
피닌파리나,https://imgauto-phinf.pstatic.net/20200210_208/auto_1581308667478aNBMh_PNG/20200210132422_yEAMEysy.png?type=f30_30
대창모터스,https://imgauto-phinf.pstatic.net/20180115_79/auto_1515992936257HdgOO_PNG/20180115140756_FF47C8Fz.png?type=f30_30
